config,seed,val_acc,acc,bal_acc,macro_f1,escape_rate,false_reject,recall_good,recall_bent,recall_color,recall_flip,recall_scratch
baseline,42,0.9104477611940298,0.9701492537313433,0.9,0.9293333333333333,0.1111111111111111,0.0,1.0,1.0,0.5,1.0,1.0
baseline,43,0.9552238805970149,0.9552238805970149,0.86,0.8731313131313131,0.05555555555555555,0.0,1.0,1.0,0.5,1.0,0.8
baseline,44,0.9253731343283582,0.8507462686567164,0.7495918367346939,0.7200911854103345,0.05555555555555555,0.10204081632653061,0.8979591836734694,1.0,0.6,1.0,0.25
aug,42,1.0,0.9850746268656716,0.96,0.9757575757575758,0.05555555555555555,0.0,1.0,0.8,1.0,1.0,1.0
aug,43,0.9850746268656716,0.9402985074626866,0.8459183673469388,0.8244032158317871,0.05555555555555555,0.02040816326530612,0.9795918367346939,1.0,0.25,1.0,1.0
aug,44,1.0,0.9402985074626866,0.8099999999999999,0.8336553655365536,0.16666666666666666,0.0,1.0,0.8,1.0,1.0,0.25
wce,42,0.9253731343283582,0.9402985074626866,0.9377551020408162,0.916941391941392,0.05555555555555555,0.061224489795918366,0.9387755102040817,1.0,0.75,1.0,1.0
wce,43,0.9402985074626866,0.9253731343283582,0.8159183673469388,0.8201607915893631,0.05555555555555555,0.02040816326530612,0.9795918367346939,0.8,0.5,1.0,0.8
wce,44,0.9402985074626866,0.9104477611940298,0.7759183673469388,0.792,0.16666666666666666,0.02040816326530612,0.9795918367346939,1.0,0.4,1.0,0.5
aug+wce,42,0.9850746268656716,1.0,1.0,1.0,0.0,0.0,1.0,1.0,1.0,1.0,1.0
aug+wce,43,0.9850746268656716,0.9552238805970149,0.9418367346938776,0.9319096710849288,0.05555555555555555,0.04081632653061224,0.9591836734693877,1.0,0.75,1.0,1.0
aug+wce,44,1.0,0.9850746268656716,0.95,0.9694083694083695,0.05555555555555555,0.0,1.0,1.0,1.0,1.0,0.75
aug+mirror,42,0.9850746268656716,1.0,1.0,1.0,0.0,0.0,1.0,1.0,1.0,1.0,1.0
aug+mirror,43,0.9850746268656716,1.0,1.0,1.0,0.0,0.0,1.0,1.0,1.0,1.0,1.0
aug+mirror,44,1.0,0.9701492537313433,0.9,0.9293333333333333,0.1111111111111111,0.0,1.0,1.0,1.0,1.0,0.5
